[{"id":"user-image-78e542bb2242cfd523a01a7981fee668ef3bfcd214b7818b41aeb0e84a6d53702048515885d269a6423a9dbf7b9ee25d22a0bac4eb2d3f77c76002_1280.jpg","publicUrl":"np://user.desktop.nicepage.com/Site_250607886/images/78e542bb2242cfd523a01a7981fee668ef3bfcd214b7818b41aeb0e84a6d53702048515885d269a6423a9dbf7b9ee25d22a0bac4eb2d3f77c76002_1280.jpg","size":193251,"fileName":"78e542bb2242cfd523a01a7981fee668ef3bfcd214b7818b41aeb0e84a6d53702048515885d269a6423a9dbf7b9ee25d22a0bac4eb2d3f77c76002_1280.jpg","name":"78e542bb2242cfd523a01a7981fee668ef3bfcd214b7818b41aeb0e84a6d53702048515885d269a6423a9dbf7b9ee25d22a0bac4eb2d3f77c76002_1280","width":1280,"height":825,"thumbnail":{"url":"np://user.desktop.nicepage.com/Site_250607886/images/thumbnails/78e542bb2242cfd523a01a7981fee668ef3bfcd214b7818b41aeb0e84a6d53702048515885d269a6423a9dbf7b9ee25d22a0bac4eb2d3f77c76002_1280.jpg","width":250,"height":161}},{"id":"user-image-Aerofoil.png","publicUrl":"np://user.desktop.nicepage.com/Site_250607886/images/Aerofoil.png","size":114585,"fileName":"Aerofoil.png","name":"Aerofoil","width":1921,"height":1502,"thumbnail":{"url":"np://user.desktop.nicepage.com/Site_250607886/images/thumbnails/Aerofoil.png","width":250,"height":195}},{"id":"user-image-aoa.png","publicUrl":"np://user.desktop.nicepage.com/Site_250607886/images/aoa.png","size":34899,"fileName":"aoa.png","name":"aoa","width":560,"height":420,"thumbnail":{"url":"np://user.desktop.nicepage.com/Site_250607886/images/thumbnails/aoa.png","width":250,"height":188}},{"id":"user-image-Different-kinds-of-vertical-axis-wind-turbines-VAWT-a-Savonius-b-Darrieus-with.png","publicUrl":"np://user.desktop.nicepage.com/Site_250607886/images/Different-kinds-of-vertical-axis-wind-turbines-VAWT-a-Savonius-b-Darrieus-with.png","size":46929,"fileName":"Different-kinds-of-vertical-axis-wind-turbines-VAWT-a-Savonius-b-Darrieus-with.png","name":"Different-kinds-of-vertical-axis-wind-turbines-VAWT-a-Savonius-b-Darrieus-with","width":850,"height":375,"thumbnail":{"url":"np://user.desktop.nicepage.com/Site_250607886/images/thumbnails/Different-kinds-of-vertical-axis-wind-turbines-VAWT-a-Savonius-b-Darrieus-with.png","width":250,"height":110}}]